,19/03/2021,20/03/2021,21/03/2021,22/03/2021,23/03/2021,24/03/2021,25/03/2021
12:01:56 AM,0.000647516,0.000635816,0.000624116,0.000667016,0.000624116,0.000631916,0.000600716
12:06:51 AM,0.000713816,0.000768416,0.000491516,0.000659216,0.000534416,0.000631916,0.000819116
12:11:52 AM,0.000592916,0.000717716,0.000628016,0.000534416,0.000514916,0.000745016,0.000592916
12:16:52 AM,0.000581216,0.000643616,0.000643616,0.000639716,0.000511016,0.000569516,0.000600716
12:21:53 AM,0.000600716,0.000557816,0.000616316,0.000628016,0.000522716,0.000635816,0.000553916
12:26:54 AM,0.000741116,0.000741116,0.000612416,0.000647516,0.000491516,0.000815216,0.000491516
12:31:54 AM,0.000826916,0.000733316,0.000534416,0.000522716,0.000569516,0.000729416,0.000651416
12:36:55 AM,0.000624116,0.000635816,0.000635816,0.000901016,0.000686516,0.000643616,0.000608516
12:41:55 AM,0.000764516,0.000690416,0.000690416,0.000702116,0.000616316,0.000565616,0.000815216
12:46:56 AM,0.000745016,0.000717716,0.000717716,0.000850316,0.000733316,0.000659216,0.000620216
12:51:56 AM,0.000631916,0.000581216,0.000639716,0.000659216,0.000507116,0.000624116,0.000663116
12:56:52 AM,0.000713816,0.000667016,0.000589016,0.000589016,0.000628016,0.000682616,0.000651416
1:01:53 AM,0.000686516,0.000592916,0.000624116,0.000655316,0.000604616,0.000663116,0.000702116
1:06:53 AM,0.000550016,0.000620216,0.000620216,0.000596816,0.000550016,0.000577316,0.000674816
1:11:54 AM,0.000624116,0.000608516,0.000620216,0.000624116,0.000674816,0.000702116,0.000624116
1:16:54 AM,0.000600716,0.000624116,0.000686516,0.000620216,0.000791816,0.000589016,0.000791816
1:21:55 AM,0.000694316,0.000557816,0.000706016,0.000628016,0.000596816,0.000667016,0.000600716
1:26:56 AM,0.000608516,0.000682616,0.000706016,0.000741116,0.000550016,0.000585116,0.000678716
1:31:56 AM,0.000592916,0.000577316,0.000557816,0.000881516,0.000647516,0.000624116,0.000748916
1:36:57 AM,0.000741116,0.000670916,0.000647516,0.000538316,0.000589016,0.000682616,0.000624116
1:41:52 AM,0.000495416,0.000518816,0.000530516,0.000690416,0.000573416,0.000624116,0.000721616
1:46:53 AM,0.000678716,0.000737216,0.000585116,0.000670916,0.000702116,0.000585116,0.000709916
1:51:54 AM,0.000608516,0.000721616,0.000530516,0.000690416,0.000596816,0.000612416,0.000639716
1:56:54 AM,0.000577316,0.000807416,0.000706016,0.000534416,0.000608516,0.000589016,0.000631916
2:01:55 AM,0.000577316,0.000643616,0.000651416,0.000550016,0.000631916,0.000702116,0.000713816
2:06:55 AM,0.000577316,0.000893216,0.000522716,0.000585116,0.000522716,0.000721616,0.000620216
2:11:56 AM,0.000612416,0.000721616,0.000690416,0.000530516,0.000608516,0.000651416,0.000596816
2:16:57 AM,0.000600716,0.000694316,0.000823016,0.000612416,0.000612416,0.000667016,0.000581216
2:21:57 AM,0.000698216,0.000612416,0.000667016,0.000651416,0.000655316,0.000628016,0.000655316
2:26:53 AM,0.000663116,0.000604616,0.000670916,0.000616316,0.000565616,0.000550016,0.000624116
2:31:53 AM,0.000873716,0.000581216,0.000569516,0.000709916,0.000600716,0.000589016,0.000518816
2:36:54 AM,0.000577316,0.000682616,0.000631916,0.000631916,0.000499316,0.000639716,0.000557816
2:41:55 AM,0.000600716,0.000608516,0.000639716,0.000628016,0.000717716,0.000569516,0.000624116
2:46:55 AM,0.000713816,0.000620216,0.000604616,0.000596816,0.000581216,0.000616316,0.000534416
2:51:56 AM,0.000635816,0.000713816,0.000748916,0.000655316,0.000635816,0.000538316,0.000682616
2:56:56 AM,0.000674816,0.000698216,0.000592916,0.000682616,0.000592916,0.000628016,0.000522716
3:01:57 AM,0.000561716,0.000542216,0.000596816,0.000569516,0.000721616,0.000604616,0.000620216
3:06:58 AM,0.000663116,0.000659216,0.000507116,0.000589016,0.000659216,0.000612416,0.000620216
3:11:53 AM,0.000600716,0.000741116,0.000659216,0.000522716,0.000721616,0.000690416,0.000631916
3:16:54 AM,0.000600716,0.000721616,0.000546116,0.000721616,0.000667016,0.000647516,0.000600716
3:21:54 AM,0.000585116,0.000702116,0.000624116,0.000659216,0.000581216,0.000616316,0.000550016
3:26:55 AM,0.000635816,0.000557816,0.000616316,0.000651416,0.000635816,0.000729416,0.000589016
3:31:56 AM,0.000651416,0.000655316,0.000581216,0.000573416,0.000643616,0.000706016,0.000456416
3:36:56 AM,0.000682616,0.000702116,0.000624116,0.000538316,0.000596816,0.000534416,0.000686516
3:41:57 AM,0.000577316,0.000542216,0.000951716,0.000596816,0.000604616,0.000635816,0.000530516
3:46:57 AM,0.000557816,0.000725516,0.000569516,0.000776216,0.000791816,0.000608516,0.000639716
3:51:58 AM,0.000702116,0.000709916,0.000483716,0.000612416,0.000624116,0.000530516,0.000643616
3:56:54 AM,0.000709916,0.000456416,0.000663116,0.000690416,0.000651416,0.000569516,0.000721616
4:01:54 AM,0.000663116,0.000483716,0.000538316,0.000561716,0.000534416,0.000776216,0.000651416
4:06:55 AM,0.000596816,0.000674816,0.000791816,0.000647516,0.000674816,0.000624116,0.000682616
4:11:55 AM,0.000667016,0.000616316,0.000733316,0.000596816,0.000542216,0.000526616,0.000557816
4:16:56 AM,0.000546116,0.000643616,0.000655316,0.000756716,0.000624116,0.000561716,0.000706016
4:21:57 AM,0.000737216,0.000690416,0.000667016,0.000573416,0.000616316,0.000682616,0.000659216
4:26:57 AM,0.000678716,0.000631916,0.000631916,0.000631916,0.000596816,0.000546116,0.000616316
4:31:58 AM,0.000577316,0.000670916,0.000573416,0.000791816,0.000663116,0.000616316,0.000612416
4:36:58 AM,0.000585116,0.000651416,0.000686516,0.000573416,0.000686516,0.000706016,0.000659216
4:41:54 AM,0.000592916,0.000604616,0.000596816,0.000631916,0.000631916,0.000694316,0.000608516
4:46:55 AM,0.000612416,0.000686516,0.000511016,0.000647516,0.000686516,0.000553916,0.000635816
4:51:55 AM,0.000670916,0.000628016,0.000690416,0.000589016,0.000600716,0.000628016,0.000647516
4:56:56 AM,0.000589016,0.000639716,0.000674816,0.000760616,0.000760616,0.000624116,0.000631916
5:01:56 AM,0.000565616,0.000581216,0.000542216,0.000635816,0.000534416,0.000624116,0.000550016
5:06:57 AM,0.000581216,0.000581216,0.000608516,0.000616316,0.000659216,0.000585116,0.000616316
5:11:57 AM,0.000635816,0.000620216,0.000643616,0.000717716,0.000706016,0.000608516,0.000670916
5:16:58 AM,0.000682616,0.000600716,0.000561716,0.000663116,0.000643616,0.000628016,0.000592916
5:21:59 AM,0.000624116,0.000585116,0.000425216,0.000678716,0.000682616,0.000522716,0.000546116
5:26:59 AM,0.000620216,0.000569516,0.000561716,0.000573416,0.000655316,0.000674816,0.000612416
5:31:55 AM,0.000655316,0.000542216,0.000651416,0.000834716,0.000534416,0.000647516,0.000628016
5:36:56 AM,0.000670916,0.000589016,0.000573416,0.000741116,0.000756716,0.000592916,0.000713816
5:41:56 AM,0.000596816,0.000651416,0.000635816,0.001025816,0.000624116,0.000682616,0.000647516
5:46:57 AM,0.000768416,0.000589016,0.000592916,0.000904916,0.000901016,0.000924416,0.001642016
5:51:57 AM,0.001006316,0.000542216,0.000573416,0.000979016,0.000959516,0.000815216,0.001279316
5:56:58 AM,0.001509416,0.000655316,0.000589016,0.001642016,0.001244216,0.001123316,0.000932216
6:01:59 AM,0.000897116,0.000643616,0.000670916,0.000943916,0.000916616,0.000994616,0.000862016
6:06:59 AM,0.001193516,0.000682616,0.000979016,0.000943916,0.000967316,0.000932216,0.001049216
6:12:00 AM,0.001158416,0.000608516,0.000581216,0.000799616,0.000955616,0.000885416,0.000990716
6:16:55 AM,0.001150616,0.000569516,0.000643616,0.000807416,0.001170116,0.000854216,0.001068716
6:21:56 AM,0.000858116,0.000752816,0.000631916,0.000904916,0.000975116,0.000682616,0.000815216
6:26:56 AM,0.000990716,0.000698216,0.000663116,0.000709916,0.001014116,0.000819116,0.000709916
6:31:57 AM,0.001279316,0.000577316,0.000709916,0.000854216,0.000858116,0.000901016,0.001805816
6:36:58 AM,0.001018016,0.000534416,0.000514916,0.000901016,0.000971216,0.001018016,0.001025816
6:41:58 AM,0.000776216,0.000628016,0.000433016,0.000690416,0.000904916,0.000834716,0.000873716
6:46:59 AM,0.001236416,0.000706016,0.000682616,0.000947816,0.001060916,0.001006316,0.001185716
6:51:59 AM,0.001220816,0.000737216,0.000651416,0.000717716,0.000951716,0.000826916,0.001174016
6:57:00 AM,0.000655316,0.000581216,0.000655316,0.000768416,0.000784016,0.000881516,0.000932216
7:01:56 AM,0.000706016,0.000799616,0.000550016,0.000706016,0.001014116,0.000826916,0.000803516
7:06:56 AM,0.000713816,0.000807416,0.000596816,0.001107716,0.000768416,0.000752816,0.000686516
7:11:57 AM,0.000764516,0.000752816,0.000561716,0.000912716,0.000877616,0.000686516,0.000791816
7:16:57 AM,0.000951716,0.000756716,0.000659216,0.000721616,0.000975116,0.000713816,0.000721616
7:21:58 AM,0.001142816,0.000682616,0.000709916,0.000959516,0.000686516,0.000725516,0.000737216
7:26:59 AM,0.000979016,0.000846416,0.000604616,0.001193516,0.000850316,0.000725516,0.001166216
7:31:59 AM,0.000885416,0.000862016,0.000522716,0.000994616,0.000967316,0.000971216,0.000858116
7:37:00 AM,0.001010216,0.000869816,0.000499316,0.000807416,0.000760616,0.000982916,0.000885416
7:42:00 AM,0.000912716,0.000694316,0.000616316,0.000690416,0.000994616,0.000869816,0.001064816
7:46:56 AM,0.001080416,0.000869816,0.000596816,-0.000928084,0.000842516,0.000772316,0.000850316
7:52:00 AM,0.000912716,0.000799616,0.000733316,0.000854216,0.000994616,0.000846416,0.000998516
7:57:00 AM,0.000908816,0.000811316,0.000596816,0.000787916,0.001045316,0.000826916,0.000901016
8:01:56 AM,0.001025816,0.000686516,0.000717716,0.000889316,0.000998516,0.000799616,0.000897116
8:06:57 AM,0.000760616,0.000947816,0.000592916,0.000803516,0.000846416,0.000881516,0.001099916
8:11:57 AM,0.000885416,0.000858116,0.000569516,0.001232516,0.000807416,0.001107716,0.000959516
8:16:58 AM,0.001084316,0.000795716,0.000678716,0.000858116,0.000826916,0.001084316,0.001084316
8:21:58 AM,0.000975116,0.000667016,0.000678716,0.001189616,0.000721616,0.000795716,0.000889316
8:26:59 AM,0.001076516,0.000838616,0.000667016,0.000846416,0.000807416,0.000690416,0.000912716
8:32:00 AM,0.000842516,0.000811316,0.000620216,0.000947816,0.000768416,0.000819116,0.000889316
8:37:00 AM,0.000947816,0.000678716,0.000604616,0.000865916,0.000826916,0.000916616,0.000784016
8:42:01 AM,0.000916616,0.000908816,0.000631916,0.000955616,0.000924416,0.000838616,0.001033616
8:46:56 AM,0.001049216,0.000877616,0.000522716,0.000706016,0.000928316,0.001092116,0.000737216
8:51:57 AM,-0.000986584,0.000920516,0.000534416,0.000869816,0.000846416,0.000967316,0.000940016
8:56:58 AM,0.001252016,0.000873716,0.000787916,0.000928316,0.001220816,0.000971216,0.000943916
9:01:58 AM,0.001283216,0.000741116,0.000589016,0.000924416,0.000815216,0.000901016,0.001209116
9:06:59 AM,0.001302716,0.001014116,0.000659216,0.001103816,0.000862016,0.000889316,0.000986816
9:12:00 AM,0.001486016,0.000854216,0.000628016,0.001033616,0.000729416,0.000924416,0.001146716
9:17:00 AM,0.001029716,0.000589016,0.000530516,0.000924416,0.000823016,0.000893216,0.001298816
9:22:01 AM,0.000916616,0.000768416,0.000729416,0.000943916,0.000737216,0.000826916,0.000842516
9:27:01 AM,0.001123316,0.000647516,0.000850316,0.000709916,0.000721616,0.000901016,0.000924416
9:32:02 AM,0.001197416,0.000624116,0.000643616,0.000819116,0.001084316,0.000889316,0.000850316
9:36:57 AM,0.000979016,0.000772316,0.000639716,0.000834716,0.000869816,0.000955616,0.000912716
9:41:58 AM,0.001236416,0.000764516,0.000635816,0.001057016,0.001006316,0.000819116,0.000928316
9:46:59 AM,0.001244216,0.000713816,0.000639716,0.000975116,0.000791816,0.001255916,0.000967316
9:51:59 AM,0.001146716,0.000737216,0.000639716,0.000947816,0.000760616,0.000823016,0.000908816
9:57:00 AM,0.001135016,0.000663116,0.000819116,0.000940016,0.000904916,0.000893216,0.001068716
10:02:00 AM,0.001240316,0.000729416,0.000748916,0.000772316,0.000729416,0.001045316,0.000924416
10:07:01 AM,0.000955616,0.000869816,0.000604616,0.000889316,0.000729416,0.000803516,0.000865916
10:12:02 AM,0.001025816,0.000760616,0.000639716,0.000846416,0.000893216,0.000865916,0.001049216
10:17:02 AM,0.001060916,0.000881516,0.000561716,0.000869816,0.000709916,0.000815216,0.000791816
10:21:58 AM,0.000959516,0.000975116,0.000698216,0.001006316,0.000986816,0.000865916,0.000803516
10:26:59 AM,0.001135016,0.000776216,0.000791816,0.001142816,0.000780116,0.000838616,0.000889316
10:31:59 AM,0.001181816,0.000686516,0.000647516,0.000893216,0.001002416,0.000858116,0.001080416
10:37:00 AM,0.001057016,0.000748916,0.000561716,0.000854216,0.000916616,0.001193516,0.000877616
10:42:00 AM,0.000780116,0.000608516,0.000596816,0.000850316,0.001014116,0.000975116,0.001185716
10:47:01 AM,0.001123316,0.000823016,0.000553916,0.000764516,0.000787916,0.001045316,0.000916616
10:52:01 AM,0.000979016,0.000862016,0.000608516,0.001080416,0.000815216,0.000904916,0.001092116
10:57:02 AM,0.001302716,0.000881516,0.000729416,0.001162316,0.000600716,0.000780116,0.000982916
11:02:03 AM,0.001045316,0.000694316,0.000702116,0.000885416,0.000651416,0.000912716,0.001177916
11:06:58 AM,0.001045316,0.000764516,0.000659216,0.000760616,0.000729416,0.000936116,0.001006316
11:11:59 AM,0.001029716,0.000776216,0.000581216,0.000889316,0.001162316,0.000971216,0.000936116
11:16:59 AM,0.001154516,0.000748916,0.000651416,0.000725516,0.000709916,0.000733316,0.000780116
11:22:00 AM,0.001174016,0.000940016,0.000589016,0.000897116,0.000834716,0.000842516,0.001018016
11:27:01 AM,0.001174016,0.000616316,0.000709916,0.001064816,0.000994616,0.000858116,0.000881516
11:32:01 AM,0.001072616,0.001002416,0.000573416,0.000990716,0.000865916,0.000737216,0.000706016
11:37:02 AM,0.001181816,0.000979016,0.000655316,0.000768416,0.001072616,0.000784016,0.000947816
11:42:02 AM,0.001053116,0.000791816,0.000682616,0.000955616,0.000834716,0.000916616,0.001142816
11:47:03 AM,0.001096016,0.001018016,0.000604616,0.000940016,0.001111616,0.000986816,0.001049216
11:51:59 AM,0.001076516,0.000752816,0.000748916,0.000780116,0.000951716,0.000916616,0.000869816
11:56:59 AM,0.000889316,0.000776216,0.000659216,0.000791816,0.000959516,0.000815216,0.001014116
12:02:00 PM,0.001255916,0.001213016,0.000764516,0.001287116,0.000764516,0.000823016,0.001068716
12:07:00 PM,0.000904916,0.000971216,0.000526616,0.000967316,0.000920516,0.001018016,0.000982916
12:12:01 PM,0.000967316,0.000737216,0.000608516,0.000756716,0.000784016,0.000877616,0.000912716
12:17:01 PM,0.000889316,0.000694316,0.000725516,0.000975116,0.000795716,0.000803516,0.000928316
12:22:02 PM,0.001115516,0.000651416,0.000674816,0.000901016,0.000869816,0.000608516,0.000807416
12:27:03 PM,0.001275416,0.000760616,0.000577316,0.001092116,0.000924416,0.000694316,0.000776216
12:32:03 PM,0.001107716,0.000784016,0.000546116,0.001037516,0.000904916,0.000799616,0.000979016
12:36:59 PM,0.001244216,0.000628016,0.000600716,0.000780116,0.000990716,0.000912716,0.000897116
12:42:00 PM,0.000741116,0.000733316,0.000725516,0.001142816,0.000865916,0.000787916,0.000963416
12:47:00 PM,0.000932216,0.000901016,0.000717716,0.000990716,0.000717716,0.000713816,0.000729416
12:52:01 PM,0.000943916,0.000729416,0.000550016,0.001103816,0.000756716,0.000830816,0.000772316
12:57:01 PM,0.001240316,0.000893216,0.000741116,0.000846416,0.000850316,0.000881516,0.001018016
1:02:02 PM,0.001146716,0.000725516,0.000585116,0.001084316,0.000791816,0.000811316,0.000924416
1:07:03 PM,0.000940016,0.000616316,0.000530516,0.000975116,0.001037516,0.000959516,0.000924416
1:12:03 PM,0.001213016,0.000795716,0.000596816,0.000908816,0.000830816,0.000834716,0.001107716
1:17:04 PM,0.001037516,0.000807416,0.000643616,0.001018016,0.000947816,0.000823016,0.000936116
1:21:59 PM,0.000678716,0.001010216,0.000709916,0.000904916,0.000986816,0.000885416,0.000920516
1:27:00 PM,0.001111616,0.000932216,0.000663116,0.001057016,0.000947816,0.000756716,0.000881516
1:32:01 PM,0.001084316,0.000748916,0.000651416,0.001158416,0.000873716,0.000838616,0.000971216
1:37:01 PM,0.001025816,0.000682616,0.000733316,0.000897116,0.001018016,0.000686516,0.000706016
1:42:02 PM,0.001259816,0.000772316,0.000624116,0.000904916,0.000901016,0.000936116,0.000865916
1:47:02 PM,0.001096016,0.000729416,0.000585116,0.001088216,0.000787916,0.000713816,0.000795716
1:52:03 PM,0.001049216,0.001021916,0.000589016,0.001018016,0.000865916,0.000858116,0.000943916
1:57:04 PM,0.001216916,0.000920516,0.000581216,0.000959516,0.000998516,0.000928316,0.000787916
2:02:04 PM,0.000838616,0.000834716,0.000589016,0.001138916,0.000975116,0.001092116,0.000850316
2:07:00 PM,0.000865916,0.000745016,0.000608516,0.001154516,0.000752816,0.001021916,0.001025816
2:12:01 PM,0.001068716,0.000815216,0.000745016,0.000850316,0.000947816,0.000862016,0.001092116
2:17:01 PM,0.001119416,0.000815216,0.000565616,0.000811316,0.000776216,0.000647516,0.001080416
2:22:02 PM,0.001119416,0.000686516,0.000811316,0.000998516,0.000842516,0.000873716,0.000982916
2:27:02 PM,0.001349516,0.000678716,0.000631916,0.000990716,0.000920516,0.000940016,0.000982916
2:32:03 PM,0.000975116,0.000725516,0.000538316,0.000865916,0.000787916,0.000784016,0.000830816
2:37:04 PM,0.000904916,0.000776216,0.000768416,0.000713816,0.000776216,0.001021916,0.000881516
2:42:04 PM,0.000885416,0.000717716,0.000581216,0.000850316,0.000959516,0.000694316,0.000994616
2:47:05 PM,0.001142816,0.000725516,0.000659216,0.000889316,0.000893216,0.001119416,0.000881516
2:52:00 PM,0.000959516,0.000908816,0.000639716,0.000971216,0.001014116,0.000729416,0.001060916
2:57:01 PM,0.000959516,0.000834716,0.000612416,0.000951716,0.000975116,0.000928316,0.000772316
3:02:02 PM,0.000842516,0.000826916,0.000565616,0.000955616,0.000842516,0.000713816,0.001064816
3:07:02 PM,0.000897116,0.000865916,0.000612416,0.000955616,0.000959516,0.000912716,0.000877616
3:12:03 PM,0.000834716,0.000717716,0.000592916,0.001107716,0.001080416,0.000897116,0.000752816
3:17:03 PM,0.001287116,0.000655316,0.000628016,0.001166216,0.001006316,0.000764516,0.000967316
3:22:04 PM,0.001255916,0.000604616,0.000659216,0.000784016,0.000924416,0.000573416,0.000998516
3:27:05 PM,0.001084316,0.001037516,0.000589016,0.000752816,0.001060916,0.000768416,0.000862016
3:32:05 PM,0.000940016,0.000858116,0.000745016,0.000982916,0.000901016,0.000943916,0.000846416
3:37:01 PM,0.000854216,0.000803516,0.000643616,0.000854216,0.001010216,0.000698216,0.001115516
3:42:01 PM,0.000908816,0.000760616,0.000608516,0.000815216,0.000787916,0.001053116,0.001084316
3:47:02 PM,0.000862016,0.000780116,0.000670916,0.000912716,0.000787916,0.000737216,0.000893216
3:52:06 PM,0.000951716,0.000784016,0.000596816,0.000838616,0.000920516,0.000803516,0.000881516
3:57:01 PM,0.000729416,0.000772316,0.000807416,0.000838616,0.000920516,0.000998516,0.000780116
4:02:02 PM,0.000955616,0.000752816,0.000709916,0.000901016,0.000963416,0.000916616,0.001002416
4:07:02 PM,0.000823016,0.000811316,0.000585116,0.000690416,0.000881516,0.000920516,0.001033616
4:12:03 PM,0.001115516,0.000959516,0.000628016,0.000986816,0.000858116,0.000998516,0.000748916
4:17:04 PM,0.000881516,0.000877616,0.000557816,0.000916616,0.001045316,0.000830816,0.001045316
4:22:04 PM,0.000963416,0.000780116,0.000651416,0.000713816,0.000889316,0.000717716,0.000893216
4:27:05 PM,0.000885416,0.000862016,0.000647516,0.000846416,0.001072616,0.001084316,0.000865916
4:32:05 PM,0.000803516,0.000850316,0.000569516,0.000838616,0.001084316,0.000862016,0.000842516
4:37:06 PM,0.000834716,0.000659216,0.000647516,0.000741116,0.000869816,0.000756716,0.000725516
4:42:02 PM,0.001076516,0.000858116,0.000811316,0.000709916,0.000869816,0.000982916,0.001002416
4:47:02 PM,0.000932216,0.000881516,0.000647516,0.000912716,0.000877616,0.000901016,0.000901016
4:52:03 PM,0.001283216,0.000776216,0.000612416,0.000943916,0.000850316,0.000904916,0.001076516
4:57:03 PM,0.000901016,0.000955616,0.000698216,0.001041416,0.000764516,0.001006316,0.000924416
5:02:04 PM,0.001096016,0.000748916,0.000573416,0.000725516,0.001006316,0.000881516,0.001267616
5:07:05 PM,0.001365116,0.000869816,0.000729416,0.000702116,0.000799616,0.000787916,0.001115516
5:12:05 PM,0.001072616,0.000768416,0.000651416,0.001080416,0.000795716,0.000678716,0.000815216
5:17:06 PM,0.001166216,0.000745016,0.000596816,0.000881516,0.000815216,0.000967316,0.000826916
5:22:06 PM,0.000936116,0.000733316,0.000620216,0.000897116,0.000873716,0.000862016,0.001150616
5:27:02 PM,0.000908816,0.000885416,0.000628016,0.000772316,0.000908816,0.001119416,0.001002416
5:32:03 PM,0.001037516,0.000741116,0.000803516,0.000811316,0.000842516,0.000819116,0.000745016
5:37:03 PM,0.001123316,0.000678716,0.000639716,0.000764516,0.000643616,0.000901016,0.000807416
5:42:04 PM,0.001170116,0.000772316,0.000553916,0.000748916,0.000811316,0.000920516,0.000842516
5:47:04 PM,0.000932216,0.000624116,0.000643616,0.000940016,0.000807416,0.001099916,0.000850316
5:52:05 PM,0.001068716,0.000916616,0.000647516,0.000830816,0.000752816,0.001411916,0.001209116
5:57:06 PM,0.000826916,0.000647516,0.000569516,0.001131116,0.000756716,0.001064816,0.000928316
6:02:06 PM,0.000709916,0.000737216,0.000616316,0.000850316,0.000819116,0.000780116,0.000854216
6:07:07 PM,0.000776216,0.000745016,0.000655316,0.000936116,0.000838616,0.000936116,0.000920516
6:09:57 PM,0.000733316,0.000670916,0.000604616,0.000799616,0.000741116,0.000959516,0.000904916
6:13:38 PM,0.000748916,0.000499316,0.000550016,0.000795716,0.000709916,0.000682616,0.000912716
6:17:08 PM,0.000842516,0.000565616,0.000542216,0.000819116,0.000604616,0.000881516,0.000635816
6:18:04 PM,0.000924416,0.000635816,0.000643616,0.000709916,0.000709916,0.000690416,0.000901016
6:23:05 PM,0.000725516,0.000635816,0.000686516,0.001025816,0.000772316,0.000967316,0.000963416
6:28:05 PM,0.000631916,0.000651416,0.000690416,0.000612416,0.000670916,0.000628016,0.000768416
6:33:06 PM,0.000947816,0.000702116,0.000604616,0.000862016,0.000826916,0.000772316,0.000889316
6:38:06 PM,0.001146716,0.000585116,0.000561716,0.000772316,0.000721616,0.000776216,0.000768416
6:43:07 PM,0.000947816,0.000530516,0.000729416,0.000784016,0.000811316,0.000717716,0.000830816
6:48:08 PM,0.000908816,0.000690416,0.000589016,0.000819116,0.000752816,0.001029716,0.000916616
6:53:08 PM,0.000979016,0.000581216,0.000620216,0.000963416,0.000807416,0.000678716,0.001033616
6:58:09 PM,0.001080416,0.000569516,0.000663116,0.000686516,0.000795716,0.000885416,0.000897116
7:03:05 PM,0.000955616,0.000565616,0.000620216,0.000787916,0.000663116,0.000908816,0.000713816
7:04:35 PM,0.000994616,0.000784016,0.000561716,0.000522716,0.000682616,0.000717716,0.001006316
7:09:36 PM,0.000943916,0.000546116,0.000764516,0.000784016,0.000733316,0.000799616,0.000772316
7:14:36 PM,0.000737216,0.000538316,0.000756716,0.000557816,0.000823016,0.000706016,0.000698216
7:19:37 PM,0.000784016,0.000546116,0.000655316,0.000667016,0.000815216,0.000709916,0.000737216
7:20:23 PM,0.000959516,0.000698216,0.000639716,0.000616316,0.000752816,0.000795716,0.000803516
7:21:43 PM,0.000955616,0.000663116,0.000604616,0.000670916,0.000760616,0.000600716,0.000877616
7:22:29 PM,-0.000920284,0.000608516,0.000674816,0.000842516,0.000768416,0.000635816,0.000799616
7:24:39 PM,0.001166216,0.000635816,0.000616316,0.000585116,0.000643616,0.000546116,0.000686516
7:28:10 PM,0.001025816,0.000514916,0.000667016,0.000526616,0.000834716,0.000561716,0.000862016
7:32:05 PM,0.000865916,0.000674816,0.000651416,0.000655316,0.000682616,0.000787916,0.000725516
7:33:41 PM,0.001072616,0.000612416,0.000670916,0.000651416,0.000901016,0.000526616,0.000729416
7:38:42 PM,0.001189616,0.000760616,0.000655316,0.000659216,0.000686516,0.000573416,0.000834716
7:43:42 PM,0.001014116,0.000600716,0.000538316,0.000702116,0.000772316,0.000686516,0.000885416
7:48:43 PM,0.001084316,0.000596816,0.000748916,0.000834716,0.000834716,0.000546116,0.000741116
7:53:43 PM,0.001006316,0.000612416,0.000503216,0.000620216,0.000869816,0.000604616,0.000889316
7:58:44 PM,0.000912716,0.000698216,0.000698216,0.000631916,0.000729416,0.000534416,0.000764516
8:03:45 PM,0.000932216,0.000686516,0.000639716,0.000659216,0.000706016,0.000542216,0.000897116
8:08:40 PM,0.001107716,0.000702116,0.000663116,0.000507116,0.000647516,0.000682616,0.000748916
8:13:41 PM,0.001002416,0.000643616,0.000604616,0.000674816,0.000791816,0.000534416,0.001014116
8:18:42 PM,0.000912716,0.000592916,0.000596816,0.000694316,0.000670916,0.000542216,0.000889316
8:23:42 PM,0.001018016,0.000596816,0.000663116,0.000495416,0.000647516,0.000585116,0.000764516
8:28:43 PM,0.001349516,0.000663116,0.000912716,0.000553916,0.000713816,0.000565616,0.000846416
8:33:43 PM,0.001271516,0.000643616,0.000472016,0.000565616,0.000725516,0.000670916,0.000760616
8:38:44 PM,0.000682616,0.000639716,0.000491516,0.000729416,0.000596816,0.000651416,0.000893216
8:43:45 PM,0.000655316,0.000573416,0.000557816,0.000561716,0.000635816,0.000581216,0.000748916
8:48:45 PM,0.000624116,0.000647516,0.000557816,0.000768416,0.000612416,0.000518816,0.000943916
8:53:41 PM,0.000686516,0.000741116,0.000550016,0.000682616,0.000823016,0.000686516,0.000959516
8:58:41 PM,0.000670916,0.000600716,0.000561716,0.000604616,0.000596816,0.000561716,0.000834716
9:03:42 PM,0.000694316,0.000542216,0.000499316,0.000600716,0.000823016,0.000569516,0.001010216
9:08:43 PM,0.000596816,0.000573416,0.000538316,0.000674816,0.000698216,0.000585116,0.000752816
9:13:43 PM,0.000686516,0.000546116,0.000592916,0.000612416,0.000717716,0.000620216,0.000682616
9:18:44 PM,0.000592916,0.000550016,0.000690416,0.000643616,0.000581216,0.000764516,0.000725516
9:23:44 PM,0.000667016,0.000752816,0.000569516,0.000616316,0.000600716,0.000596816,0.000811316
9:28:45 PM,0.000624116,0.000585116,0.000608516,0.000561716,0.000608516,0.000624116,0.000787916
9:33:46 PM,0.000616316,0.000604616,0.000542216,0.000620216,0.000495416,0.000585116,0.000760616
9:38:41 PM,0.000631916,0.000553916,0.000639716,0.000581216,0.000706016,0.000628016,0.000608516
9:43:42 PM,0.000721616,0.000741116,0.000624116,0.000596816,0.000612416,0.000600716,0.000635816
9:48:42 PM,0.000565616,0.000667016,0.000565616,0.000577316,0.000608516,0.000557816,0.000784016
9:53:43 PM,0.000612416,0.000647516,0.000702116,0.000542216,0.000682616,0.000682616,0.000807416
9:58:43 PM,0.000830816,0.000682616,0.000608516,0.000612416,0.000600716,0.000581216,0.001057016
10:03:44 PM,0.000795716,0.000741116,0.000624116,0.000596816,0.000600716,0.000585116,0.000624116
10:08:45 PM,0.000651416,0.000702116,0.000612416,0.000635816,0.000741116,0.000752816,0.000717716
10:13:45 PM,0.000643616,0.000620216,0.000635816,0.000616316,0.000608516,0.000698216,0.000815216
10:18:46 PM,0.000639716,0.000717716,0.000585116,0.000748916,0.000553916,0.000596816,0.000772316
10:23:47 PM,0.000577316,0.000631916,0.000589016,0.000706016,0.000546116,0.000569516,0.000659216
10:28:42 PM,0.000600716,0.000694316,0.000670916,0.000655316,0.000592916,0.000596816,0.000600716
10:33:43 PM,0.000589016,0.000585116,0.000631916,0.000686516,0.000616316,0.000585116,0.000620216
10:38:43 PM,0.000667016,0.000628016,0.000616316,0.000600716,0.000620216,0.000612416,0.000624116
10:43:44 PM,0.000624116,0.000526616,0.000561716,0.000511016,0.000616316,0.000585116,0.000725516
10:48:45 PM,0.000659216,0.000647516,0.000745016,0.000631916,0.000514916,0.000635816,0.000670916
10:53:45 PM,0.000686516,0.000538316,0.000729416,0.000780116,0.000694316,0.000608516,0.000643616
10:58:46 PM,0.000733316,0.000616316,0.000542216,0.000620216,0.000729416,0.000542216,0.000667016
11:03:46 PM,0.000573416,0.000678716,0.000495416,0.000620216,0.000592916,0.000608516,0.000686516
11:08:47 PM,0.000495416,0.000573416,0.000612416,0.000577316,0.000635816,0.000631916,0.000581216
11:13:43 PM,0.000608516,0.000534416,0.000530516,0.000514916,0.000565616,0.000674816,0.000589016
11:18:43 PM,0.000600716,0.000639716,0.000678716,0.000600716,0.000577316,0.000756716,0.000667016
11:23:44 PM,0.000620216,0.000690416,0.000538316,0.000550016,0.000698216,0.000682616,0.000608516
44280.97829,0,0,0,0,0,0.000624116,0.000795716
44280.98177,0,0,0,0,0,0.000530516,0.000706016
44280.98525,0,0,0,0,0,0.000659216,0.000760616
44280.98873,0,0,0,0,0,0.000616316,0.000803516
44280.99221,0,0,0,0,0,0.000589016,0.000620216
44280.99567,0,0,0,0,0,0,0.000694316
44280.99916,0,0,0,0,0,0,0.000690416
